template,service,n_rows,impact,urgency,priority,priority_score,confidence,scope,outage,workaround,regulatory,deadline,work_type,critical,description
Automated alert triggered for <SVC>,Regulatory Reporting,387,high,highest,highest,0.9353,1.0,one_entity,partial_degradation,none,True,none,Incident,True,"Regulatory Reporting generated an automated monitoring alert indicating an operational problem. The log shows repeated execution errors, service degradation, or a processing delay. Please review the event, confirm the impact, and decide whether immediate remediation is needed."
Automated alert triggered for <SVC>,Order Management,369,high,medium,high,0.7215,1.0,one_entity,partial_degradation,none,False,none,Incident,True,"Order Management generated an automated monitoring alert indicating an operational problem. The log shows repeated execution errors, service degradation, or a processing delay. Please review the event, confirm the impact, and decide whether immediate remediation is needed."
Automated alert triggered for <SVC>,SimCorp Dimension,434,high,medium,high,0.7215,1.0,one_entity,partial_degradation,none,False,none,Incident,True,"SimCorp Dimension generated an automated monitoring alert indicating an operational problem. The log shows repeated execution errors, service degradation, or a processing delay. Please review the event, confirm the impact, and decide whether immediate remediation is needed."
Automated alert triggered for <SVC>,Client Reporting,371,high,medium,high,0.7215,1.0,one_entity,partial_degradation,none,False,none,Incident,True,"Client Reporting generated an automated monitoring alert indicating an operational problem. The log shows repeated execution errors, service degradation, or a processing delay. Please review the event, confirm the impact, and decide whether immediate remediation is needed."
Operational issue reported for <SVC>,Corporate Actions,91,high,medium,high,0.7101,1.0,one_entity,partial_degradation,none,False,none,Incident,True,"A user reported an operational disruption in Corporate Actions. The issue description includes business impact, expected behaviour, and clear evidence that the service is no longer operating as intended. Please review the issue, validate the impact, and coordinate the required remediation or workaround."
Operational issue reported for <SVC>,Fund Pricing,90,high,medium,high,0.7091,1.0,one_entity,partial_degradation,none,False,none,Incident,True,"A user reported an operational disruption in Fund Pricing. The issue description includes business impact, expected behaviour, and clear evidence that the service is no longer operating as intended. Please review the issue, validate the impact, and coordinate the required remediation or workaround."
Operational issue reported for <SVC>,Order Management,66,high,medium,high,0.7047,1.0,one_entity,partial_degradation,none,False,none,Incident,True,"A user reported an operational disruption in Order Management. The issue description includes business impact, expected behaviour, and clear evidence that the service is no longer operating as intended. Please review the issue, validate the impact, and coordinate the required remediation or workaround."
Automated alert triggered for <SVC>,Trade Matching,407,high,medium,high,0.7019,1.0,one_entity,partial_degradation,none,False,none,Incident,True,"Trade Matching generated an automated monitoring alert indicating an operational problem. The log shows repeated execution errors, service degradation, or a processing delay. Please review the event, confirm the impact, and decide whether immediate remediation is needed."
Incident mislabelled as service request in <SVC>,Regulatory Reporting,63,high,medium,high,0.6944,0.9444,one_entity,partial_degradation,not_applicable,False,none,Incident,True,"This issue was raised against Regulatory Reporting, but the title suggests a service request instead of a true incident. The underlying problem still needs triage and should be reviewed to ensure it is routed through the correct workflow."
Incident mislabelled as service request in <SVC>,Trade Matching,84,high,medium,high,0.6944,1.0,one_entity,partial_degradation,not_applicable,False,none,Incident,True,"This issue was raised against Trade Matching, but the title suggests a service request instead of a true incident. The underlying problem still needs triage and should be reviewed to ensure it is routed through the correct workflow."
Unclear incident input for <SVC>,Portfolio Accounting,80,high,medium,high,0.6944,1.0,one_entity,partial_degradation,not_applicable,False,none,Incident,True,"The incident note for Portfolio Accounting is not aligned with the expected service context and contains malformed or unrelated information. The content appears to be accidental or misrouted, and it needs a quick validation to decide whether it should be closed or reassigned."
Operational issue reported for <SVC>,Trade Matching,72,high,medium,high,0.665,1.0,one_entity,partial_degradation,none,False,none,Incident,True,"A user reported an operational disruption in Trade Matching. The issue description includes business impact, expected behaviour, and clear evidence that the service is no longer operating as intended. Please review the issue, validate the impact, and coordinate the required remediation or workaround."
Automated alert triggered for <SVC>,Trading Platform,420,high,medium,high,0.665,1.0,one_entity,partial_degradation,none,False,none,Incident,True,"Trading Platform generated an automated monitoring alert indicating an operational problem. The log shows repeated execution errors, service degradation, or a processing delay. Please review the event, confirm the impact, and decide whether immediate remediation is needed."
Automated alert triggered for <SVC>,Cash Management,345,high,medium,high,0.665,1.0,one_entity,partial_degradation,none,False,none,Incident,True,"Cash Management generated an automated monitoring alert indicating an operational problem. The log shows repeated execution errors, service degradation, or a processing delay. Please review the event, confirm the impact, and decide whether immediate remediation is needed."
Operational issue reported for <SVC>,SimCorp Dimension,72,high,medium,high,0.665,1.0,one_entity,partial_degradation,none,False,none,Incident,True,"A user reported an operational disruption in SimCorp Dimension. The issue description includes business impact, expected behaviour, and clear evidence that the service is no longer operating as intended. Please review the issue, validate the impact, and coordinate the required remediation or workaround."
Operational issue reported for <SVC>,Regulatory Reporting,91,high,medium,high,0.665,1.0,one_entity,partial_degradation,none,False,none,Incident,True,"A user reported an operational disruption in Regulatory Reporting. The issue description includes business impact, expected behaviour, and clear evidence that the service is no longer operating as intended. Please review the issue, validate the impact, and coordinate the required remediation or workaround."
Operational issue reported for <SVC>,Rimes Data Feed,74,high,medium,high,0.665,1.0,one_entity,partial_degradation,none,False,none,Incident,True,"A user reported an operational disruption in Rimes Data Feed. The issue description includes business impact, expected behaviour, and clear evidence that the service is no longer operating as intended. Please review the issue, validate the impact, and coordinate the required remediation or workaround."
Operational issue reported for <SVC>,Securities Settlement,85,high,medium,high,0.665,1.0,one_entity,partial_degradation,none,False,none,Incident,True,"A user reported an operational disruption in Securities Settlement. The issue description includes business impact, expected behaviour, and clear evidence that the service is no longer operating as intended. Please review the issue, validate the impact, and coordinate the required remediation or workaround."
Operational issue reported for <SVC>,Client Reporting,87,high,medium,high,0.665,1.0,one_entity,partial_degradation,none,False,none,Incident,True,"A user reported an operational disruption in Client Reporting. The issue description includes business impact, expected behaviour, and clear evidence that the service is no longer operating as intended. Please review the issue, validate the impact, and coordinate the required remediation or workaround."
Operational issue reported for <SVC>,NAV Calculation,98,high,medium,high,0.665,1.0,one_entity,partial_degradation,none,False,none,Incident,True,"A user reported an operational disruption in NAV Calculation. The issue description includes business impact, expected behaviour, and clear evidence that the service is no longer operating as intended. Please review the issue, validate the impact, and coordinate the required remediation or workaround."
Operational issue reported for <SVC>,Portfolio Accounting,69,high,medium,high,0.665,1.0,one_entity,partial_degradation,none,False,none,Incident,True,"A user reported an operational disruption in Portfolio Accounting. The issue description includes business impact, expected behaviour, and clear evidence that the service is no longer operating as intended. Please review the issue, validate the impact, and coordinate the required remediation or workaround."
Operational issue reported for <SVC>,Risk & Compliance Monitoring,88,high,medium,high,0.665,1.0,one_entity,partial_degradation,none,False,none,Incident,True,"A user reported an operational disruption in Risk & Compliance Monitoring. The issue description includes business impact, expected behaviour, and clear evidence that the service is no longer operating as intended. Please review the issue, validate the impact, and coordinate the required remediation or workaround."
Automated alert triggered for <SVC>,Fund Pricing,408,high,medium,high,0.665,1.0,one_entity,partial_degradation,none,False,none,Incident,True,"Fund Pricing generated an automated monitoring alert indicating an operational problem. The log shows repeated execution errors, service degradation, or a processing delay. Please review the event, confirm the impact, and decide whether immediate remediation is needed."
Automated alert triggered for <SVC>,Securities Settlement,356,high,medium,high,0.665,1.0,one_entity,partial_degradation,none,False,none,Incident,True,"Securities Settlement generated an automated monitoring alert indicating an operational problem. The log shows repeated execution errors, service degradation, or a processing delay. Please review the event, confirm the impact, and decide whether immediate remediation is needed."
Operational issue reported for <SVC>,Cash Management,75,high,medium,high,0.665,1.0,one_entity,partial_degradation,none,False,none,Incident,True,"A user reported an operational disruption in Cash Management. The issue description includes business impact, expected behaviour, and clear evidence that the service is no longer operating as intended. Please review the issue, validate the impact, and coordinate the required remediation or workaround."
Incident mislabelled as service request in <SVC>,Risk & Compliance Monitoring,71,high,medium,high,0.665,0.9444,one_entity,partial_degradation,none,False,none,Incident,True,"This issue was raised against Risk & Compliance Monitoring, but the title suggests a service request instead of a true incident. The underlying problem still needs triage and should be reviewed to ensure it is routed through the correct workflow."
Automated alert triggered for <SVC>,Risk & Compliance Monitoring,382,high,medium,high,0.665,1.0,one_entity,partial_degradation,none,False,none,Incident,True,"Risk & Compliance Monitoring generated an automated monitoring alert indicating an operational problem. The log shows repeated execution errors, service degradation, or a processing delay. Please review the event, confirm the impact, and decide whether immediate remediation is needed."
Automated alert triggered for <SVC>,Portfolio Accounting,409,high,medium,high,0.665,1.0,one_entity,partial_degradation,none,False,none,Incident,True,"Portfolio Accounting generated an automated monitoring alert indicating an operational problem. The log shows repeated execution errors, service degradation, or a processing delay. Please review the event, confirm the impact, and decide whether immediate remediation is needed."
Automated alert triggered for <SVC>,NAV Calculation,362,high,medium,high,0.665,1.0,one_entity,partial_degradation,none,False,none,Incident,True,"NAV Calculation generated an automated monitoring alert indicating an operational problem. The log shows repeated execution errors, service degradation, or a processing delay. Please review the event, confirm the impact, and decide whether immediate remediation is needed."
Operational issue reported for <SVC>,Trading Platform,76,high,medium,high,0.665,1.0,one_entity,partial_degradation,none,False,none,Incident,True,"A user reported an operational disruption in Trading Platform. The issue description includes business impact, expected behaviour, and clear evidence that the service is no longer operating as intended. Please review the issue, validate the impact, and coordinate the required remediation or workaround."
Automated alert triggered for <SVC>,Corporate Actions,387,high,medium,high,0.665,1.0,one_entity,partial_degradation,none,False,none,Incident,True,"Corporate Actions generated an automated monitoring alert indicating an operational problem. The log shows repeated execution errors, service degradation, or a processing delay. Please review the event, confirm the impact, and decide whether immediate remediation is needed."
Automated alert triggered for <SVC>,Rimes Data Feed,401,high,medium,high,0.665,1.0,one_entity,partial_degradation,none,False,none,Incident,True,"Rimes Data Feed generated an automated monitoring alert indicating an operational problem. The log shows repeated execution errors, service degradation, or a processing delay. Please review the event, confirm the impact, and decide whether immediate remediation is needed."
Incident mislabelled as service request in <SVC>,Corporate Actions,75,high,medium,high,0.6379,0.9444,one_entity,partial_degradation,not_applicable,False,none,Incident,True,"This issue was raised against Corporate Actions, but the title suggests a service request instead of a true incident. The underlying problem still needs triage and should be reviewed to ensure it is routed through the correct workflow."
Incident mislabelled as service request in <SVC>,Rimes Data Feed,70,high,medium,high,0.6379,1.0,one_entity,partial_degradation,not_applicable,False,none,Incident,True,"This issue was raised against Rimes Data Feed, but the title suggests a service request instead of a true incident. The underlying problem still needs triage and should be reviewed to ensure it is routed through the correct workflow."
Incident mislabelled as service request in <SVC>,Trading Platform,79,high,medium,high,0.6379,1.0,one_entity,partial_degradation,not_applicable,False,none,Incident,True,"This issue was raised against Trading Platform, but the title suggests a service request instead of a true incident. The underlying problem still needs triage and should be reviewed to ensure it is routed through the correct workflow."
Unclear incident input for <SVC>,SimCorp Dimension,67,high,medium,high,0.6379,1.0,one_entity,partial_degradation,not_applicable,False,none,Incident,True,"The incident note for SimCorp Dimension is not aligned with the expected service context and contains malformed or unrelated information. The content appears to be accidental or misrouted, and it needs a quick validation to decide whether it should be closed or reassigned."
Incident mislabelled as service request in <SVC>,Securities Settlement,73,high,medium,high,0.6379,0.9444,one_entity,partial_degradation,not_applicable,False,none,Incident,True,"This issue was raised against Securities Settlement, but the title suggests a service request instead of a true incident. The underlying problem still needs triage and should be reviewed to ensure it is routed through the correct workflow."
Unclear incident input for <SVC>,Regulatory Reporting,71,high,medium,high,0.6379,1.0,one_entity,partial_degradation,not_applicable,False,none,Incident,True,"The incident note for Regulatory Reporting is not aligned with the expected service context and contains malformed or unrelated information. The content appears to be accidental or misrouted, and it needs a quick validation to decide whether it should be closed or reassigned."
Unclear incident input for <SVC>,NAV Calculation,70,high,medium,high,0.6379,1.0,one_entity,partial_degradation,not_applicable,False,none,Incident,True,"The incident note for NAV Calculation is not aligned with the expected service context and contains malformed or unrelated information. The content appears to be accidental or misrouted, and it needs a quick validation to decide whether it should be closed or reassigned."
Incident mislabelled as service request in <SVC>,NAV Calculation,66,high,medium,high,0.6379,1.0,one_entity,partial_degradation,not_applicable,False,none,Incident,True,"This issue was raised against NAV Calculation, but the title suggests a service request instead of a true incident. The underlying problem still needs triage and should be reviewed to ensure it is routed through the correct workflow."
Unclear incident input for <SVC>,Fund Pricing,82,high,medium,high,0.6379,1.0,one_entity,partial_degradation,not_applicable,False,none,Incident,True,"The incident note for Fund Pricing is not aligned with the expected service context and contains malformed or unrelated information. The content appears to be accidental or misrouted, and it needs a quick validation to decide whether it should be closed or reassigned."
Incident mislabelled as service request in <SVC>,Cash Management,85,high,medium,high,0.6379,1.0,one_entity,partial_degradation,not_applicable,False,none,Incident,True,"This issue was raised against Cash Management, but the title suggests a service request instead of a true incident. The underlying problem still needs triage and should be reviewed to ensure it is routed through the correct workflow."
Unclear incident input for <SVC>,Trade Matching,70,high,medium,high,0.6379,1.0,one_entity,partial_degradation,not_applicable,False,none,Incident,True,"The incident note for Trade Matching is not aligned with the expected service context and contains malformed or unrelated information. The content appears to be accidental or misrouted, and it needs a quick validation to decide whether it should be closed or reassigned."
Unclear incident input for <SVC>,Risk & Compliance Monitoring,77,high,medium,high,0.6379,1.0,one_entity,partial_degradation,not_applicable,False,none,Incident,True,"The incident note for Risk & Compliance Monitoring is not aligned with the expected service context and contains malformed or unrelated information. The content appears to be accidental or misrouted, and it needs a quick validation to decide whether it should be closed or reassigned."
Unclear incident input for <SVC>,Corporate Actions,75,high,medium,high,0.6379,1.0,one_entity,partial_degradation,not_applicable,False,none,Incident,True,"The incident note for Corporate Actions is not aligned with the expected service context and contains malformed or unrelated information. The content appears to be accidental or misrouted, and it needs a quick validation to decide whether it should be closed or reassigned."
Incident mislabelled as service request in <SVC>,Portfolio Accounting,71,high,medium,high,0.6379,1.0,one_entity,partial_degradation,not_applicable,False,none,Incident,True,"This issue was raised against Portfolio Accounting, but the title suggests a service request instead of a true incident. The underlying problem still needs triage and should be reviewed to ensure it is routed through the correct workflow."
Unclear incident input for <SVC>,Rimes Data Feed,65,high,medium,high,0.6379,1.0,one_entity,partial_degradation,not_applicable,False,none,Incident,True,"The incident note for Rimes Data Feed is not aligned with the expected service context and contains malformed or unrelated information. The content appears to be accidental or misrouted, and it needs a quick validation to decide whether it should be closed or reassigned."
Unclear incident input for <SVC>,Cash Management,81,high,medium,high,0.6379,1.0,one_entity,partial_degradation,not_applicable,False,none,Incident,True,"The incident note for Cash Management is not aligned with the expected service context and contains malformed or unrelated information. The content appears to be accidental or misrouted, and it needs a quick validation to decide whether it should be closed or reassigned."
Unclear incident input for <SVC>,Securities Settlement,100,high,medium,high,0.6379,1.0,one_entity,partial_degradation,not_applicable,False,none,Incident,True,"The incident note for Securities Settlement is not aligned with the expected service context and contains malformed or unrelated information. The content appears to be accidental or misrouted, and it needs a quick validation to decide whether it should be closed or reassigned."
Incident mislabelled as service request in <SVC>,Order Management,92,high,medium,high,0.6379,1.0,one_entity,partial_degradation,not_applicable,False,none,Incident,True,"This issue was raised against Order Management, but the title suggests a service request instead of a true incident. The underlying problem still needs triage and should be reviewed to ensure it is routed through the correct workflow."
Incident mislabelled as service request in <SVC>,SimCorp Dimension,66,high,medium,high,0.6379,1.0,one_entity,partial_degradation,not_applicable,False,none,Incident,True,"This issue was raised against SimCorp Dimension, but the title suggests a service request instead of a true incident. The underlying problem still needs triage and should be reviewed to ensure it is routed through the correct workflow."
Unclear incident input for <SVC>,Client Reporting,86,high,medium,high,0.6379,1.0,one_entity,partial_degradation,not_applicable,False,none,Incident,True,"The incident note for Client Reporting is not aligned with the expected service context and contains malformed or unrelated information. The content appears to be accidental or misrouted, and it needs a quick validation to decide whether it should be closed or reassigned."
Incident mislabelled as service request in <SVC>,Client Reporting,77,high,medium,high,0.6379,1.0,one_entity,partial_degradation,not_applicable,False,none,Incident,True,"This issue was raised against Client Reporting, but the title suggests a service request instead of a true incident. The underlying problem still needs triage and should be reviewed to ensure it is routed through the correct workflow."
Unclear incident input for <SVC>,Order Management,73,high,medium,high,0.6379,1.0,one_entity,partial_degradation,not_applicable,False,none,Incident,True,"The incident note for Order Management is not aligned with the expected service context and contains malformed or unrelated information. The content appears to be accidental or misrouted, and it needs a quick validation to decide whether it should be closed or reassigned."
Incident mislabelled as service request in <SVC>,Fund Pricing,82,high,medium,high,0.6379,1.0,one_entity,partial_degradation,not_applicable,False,none,Incident,True,"This issue was raised against Fund Pricing, but the title suggests a service request instead of a true incident. The underlying problem still needs triage and should be reviewed to ensure it is routed through the correct workflow."
Unclear incident input for <SVC>,Trading Platform,75,high,medium,high,0.6379,1.0,one_entity,partial_degradation,not_applicable,False,none,Incident,True,"The incident note for Trading Platform is not aligned with the expected service context and contains malformed or unrelated information. The content appears to be accidental or misrouted, and it needs a quick validation to decide whether it should be closed or reassigned."
External email warning received for <SVC>,Emailed Support Tickets,4212,high,low,medium,0.4447,1.0,external_counterparty,partial_degradation,none,False,none,Incident,False,"A third party sent a warning regarding Emailed Support Tickets. The email references a delayed feed, unusual error output or degraded service performance, but the details are generic and need triage. Please confirm the operational impact and route the issue to the correct owner."
Email notification received for <SVC>,Emailed Support Tickets,1211,high,low,medium,0.4447,1.0,external_counterparty,partial_degradation,none,False,none,Incident,False,"An external party sent an email warning related to Emailed Support Tickets. The message references degraded service quality, a delayed feed, or a possible outage. The content is generic and needs triage to determine whether the issue affects the supported service and which team should act."
Operational issue reported for <SVC>,CRM & Client Portal,69,medium,low,low,0.2726,1.0,one_entity,partial_degradation,none,False,none,Incident,False,"A user reported an operational disruption in CRM & Client Portal. The issue description includes business impact, expected behaviour, and clear evidence that the service is no longer operating as intended. Please review the issue, validate the impact, and coordinate the required remediation or workaround."
Automated alert triggered for <SVC>,SharePoint & File Storage,393,medium,low,low,0.2705,1.0,one_entity,partial_degradation,none,False,none,Incident,False,"SharePoint & File Storage generated an automated monitoring alert indicating an operational problem. The log shows repeated execution errors, service degradation, or a processing delay. Please review the event, confirm the impact, and decide whether immediate remediation is needed."
Automated alert triggered for <SVC>,Identity & Access Management,369,medium,low,low,0.2311,1.0,one_entity,partial_degradation,none,False,none,Incident,False,"Identity & Access Management generated an automated monitoring alert indicating an operational problem. The log shows repeated execution errors, service degradation, or a processing delay. Please review the event, confirm the impact, and decide whether immediate remediation is needed."
Automated alert triggered for <SVC>,CRM & Client Portal,381,medium,low,low,0.2311,1.0,one_entity,partial_degradation,none,False,none,Incident,False,"CRM & Client Portal generated an automated monitoring alert indicating an operational problem. The log shows repeated execution errors, service degradation, or a processing delay. Please review the event, confirm the impact, and decide whether immediate remediation is needed."
Automated alert triggered for <SVC>,Tax Reporting,390,medium,low,low,0.2311,1.0,one_entity,partial_degradation,none,False,none,Incident,False,"Tax Reporting generated an automated monitoring alert indicating an operational problem. The log shows repeated execution errors, service degradation, or a processing delay. Please review the event, confirm the impact, and decide whether immediate remediation is needed."
Automated alert triggered for <SVC>,Outlook & Email,414,medium,low,low,0.2311,1.0,one_entity,partial_degradation,none,False,none,Incident,False,"Outlook & Email generated an automated monitoring alert indicating an operational problem. The log shows repeated execution errors, service degradation, or a processing delay. Please review the event, confirm the impact, and decide whether immediate remediation is needed."
Operational issue reported for <SVC>,Tax Reporting,67,medium,low,low,0.2311,1.0,one_entity,partial_degradation,none,False,none,Incident,False,"A user reported an operational disruption in Tax Reporting. The issue description includes business impact, expected behaviour, and clear evidence that the service is no longer operating as intended. Please review the issue, validate the impact, and coordinate the required remediation or workaround."
Operational issue reported for <SVC>,SharePoint & File Storage,63,medium,low,low,0.2311,1.0,one_entity,partial_degradation,none,False,none,Incident,False,"A user reported an operational disruption in SharePoint & File Storage. The issue description includes business impact, expected behaviour, and clear evidence that the service is no longer operating as intended. Please review the issue, validate the impact, and coordinate the required remediation or workaround."
Operational issue reported for <SVC>,Outlook & Email,74,medium,low,low,0.2311,1.0,one_entity,partial_degradation,none,False,none,Incident,False,"A user reported an operational disruption in Outlook & Email. The issue description includes business impact, expected behaviour, and clear evidence that the service is no longer operating as intended. Please review the issue, validate the impact, and coordinate the required remediation or workaround."
Operational issue reported for <SVC>,Identity & Access Management,83,medium,low,low,0.2311,1.0,one_entity,partial_degradation,none,False,none,Incident,False,"A user reported an operational disruption in Identity & Access Management. The issue description includes business impact, expected behaviour, and clear evidence that the service is no longer operating as intended. Please review the issue, validate the impact, and coordinate the required remediation or workaround."
Incident mislabelled as service request in <SVC>,Identity & Access Management,79,medium,low,low,0.204,1.0,one_entity,partial_degradation,not_applicable,False,none,Incident,False,"This issue was raised against Identity & Access Management, but the title suggests a service request instead of a true incident. The underlying problem still needs triage and should be reviewed to ensure it is routed through the correct workflow."
Unclear incident input for <SVC>,Outlook & Email,79,medium,low,low,0.204,1.0,one_entity,partial_degradation,not_applicable,False,none,Incident,False,"The incident note for Outlook & Email is not aligned with the expected service context and contains malformed or unrelated information. The content appears to be accidental or misrouted, and it needs a quick validation to decide whether it should be closed or reassigned."
Incident mislabelled as service request in <SVC>,Outlook & Email,84,medium,low,low,0.204,1.0,one_entity,partial_degradation,not_applicable,False,none,Incident,False,"This issue was raised against Outlook & Email, but the title suggests a service request instead of a true incident. The underlying problem still needs triage and should be reviewed to ensure it is routed through the correct workflow."
Incident mislabelled as service request in <SVC>,CRM & Client Portal,65,medium,low,low,0.204,1.0,one_entity,partial_degradation,not_applicable,False,none,Incident,False,"This issue was raised against CRM & Client Portal, but the title suggests a service request instead of a true incident. The underlying problem still needs triage and should be reviewed to ensure it is routed through the correct workflow."
Unclear incident input for <SVC>,Identity & Access Management,89,medium,low,low,0.204,1.0,one_entity,partial_degradation,not_applicable,False,none,Incident,False,"The incident note for Identity & Access Management is not aligned with the expected service context and contains malformed or unrelated information. The content appears to be accidental or misrouted, and it needs a quick validation to decide whether it should be closed or reassigned."
Unclear incident input for <SVC>,Tax Reporting,66,medium,low,low,0.204,1.0,one_entity,partial_degradation,not_applicable,False,none,Incident,False,"The incident note for Tax Reporting is not aligned with the expected service context and contains malformed or unrelated information. The content appears to be accidental or misrouted, and it needs a quick validation to decide whether it should be closed or reassigned."
Unclear incident input for <SVC>,SharePoint & File Storage,81,medium,low,low,0.204,0.9444,one_entity,partial_degradation,not_applicable,False,none,Incident,False,"The incident note for SharePoint & File Storage is not aligned with the expected service context and contains malformed or unrelated information. The content appears to be accidental or misrouted, and it needs a quick validation to decide whether it should be closed or reassigned."
Incident mislabelled as service request in <SVC>,SharePoint & File Storage,70,medium,low,low,0.204,0.9444,one_entity,partial_degradation,not_applicable,False,none,Incident,False,"This issue was raised against SharePoint & File Storage, but the title suggests a service request instead of a true incident. The underlying problem still needs triage and should be reviewed to ensure it is routed through the correct workflow."
Unclear incident input for <SVC>,CRM & Client Portal,98,medium,low,low,0.204,1.0,one_entity,partial_degradation,not_applicable,False,none,Incident,False,"The incident note for CRM & Client Portal is not aligned with the expected service context and contains malformed or unrelated information. The content appears to be accidental or misrouted, and it needs a quick validation to decide whether it should be closed or reassigned."
Incident mislabelled as service request in <SVC>,Tax Reporting,76,medium,low,low,0.204,1.0,one_entity,partial_degradation,not_applicable,False,none,Incident,False,"This issue was raised against Tax Reporting, but the title suggests a service request instead of a true incident. The underlying problem still needs triage and should be reviewed to ensure it is routed through the correct workflow."
Incorrect incident title for service request in <SVC>,Client Reporting,16,lowest,lowest,lowest,0.0944,1.0,individual,none,not_applicable,False,none,Service Request,True,"The submitted title suggests an incident affecting Client Reporting, but the actual request is a regular service inquiry. Please confirm the correct handling path and classify the request as a service request instead of an operational incident."
Access removal requested for <SVC>,SimCorp Dimension,24,lowest,lowest,lowest,0.0944,1.0,individual,none,not_applicable,False,none,Service Request,True,"The request is to remove access to SimCorp Dimension following a role change or contract end. Please confirm all permissions, inherited groups, and temporary rights are removed so no user remains active beyond the agreed period."
General request for <SVC> with unclear details,Client Reporting,15,lowest,lowest,lowest,0.0944,1.0,individual,none,not_applicable,False,none,Service Request,True,The ticket text for Client Reporting is unclear and not aligned with the expected service request pattern. The message appears incomplete or misrouted and requires review to determine whether it should be rejected or redirected.
Access requested for <SVC>,Client Reporting,32,lowest,lowest,lowest,0.0944,1.0,individual,none,not_applicable,False,none,Service Request,True,A user needs access to Client Reporting to complete their daily tasks. This request is for standard role-based access and is aligned to the employee's business duties. Please validate the access profile and ensure the user receives the correct permissions in line with policy.
New license requested for <SVC>,Order Management,38,lowest,lowest,lowest,0.0944,1.0,individual,none,not_applicable,False,none,Service Request,True,A new user requires a license for Order Management to support an operational activity. The request includes the relevant user details and justification and needs validation before the entitlement is assigned.
General request for <SVC> with unclear details,Rimes Data Feed,26,lowest,lowest,lowest,0.0944,1.0,individual,none,not_applicable,False,none,Service Request,True,The ticket text for Rimes Data Feed is unclear and not aligned with the expected service request pattern. The message appears incomplete or misrouted and requires review to determine whether it should be rejected or redirected.
Incorrect incident title for service request in <SVC>,Risk & Compliance Monitoring,27,lowest,lowest,lowest,0.0944,1.0,individual,none,not_applicable,False,none,Service Request,True,"The submitted title suggests an incident affecting Risk & Compliance Monitoring, but the actual request is a regular service inquiry. Please confirm the correct handling path and classify the request as a service request instead of an operational incident."
Access requested for <SVC>,Fund Pricing,35,lowest,lowest,lowest,0.0944,1.0,individual,none,not_applicable,False,none,Service Request,True,A user needs access to Fund Pricing to complete their daily tasks. This request is for standard role-based access and is aligned to the employee's business duties. Please validate the access profile and ensure the user receives the correct permissions in line with policy.
Access removal requested for <SVC>,Portfolio Accounting,26,lowest,lowest,lowest,0.0944,1.0,individual,none,not_applicable,False,none,Service Request,True,"The request is to remove access to Portfolio Accounting following a role change or contract end. Please confirm all permissions, inherited groups, and temporary rights are removed so no user remains active beyond the agreed period."
Access removal requested for <SVC>,Order Management,22,lowest,lowest,lowest,0.0833,1.0,individual,none,not_applicable,False,none,Service Request,True,"The request is to remove access to Order Management following a role change or contract end. Please confirm all permissions, inherited groups, and temporary rights are removed so no user remains active beyond the agreed period."
Access requested for <SVC>,Portfolio Accounting,37,lowest,lowest,lowest,0.0777,1.0,individual,none,not_applicable,False,none,Service Request,True,A user needs access to Portfolio Accounting to complete their daily tasks. This request is for standard role-based access and is aligned to the employee's business duties. Please validate the access profile and ensure the user receives the correct permissions in line with policy.
General request for <SVC> with unclear details,Portfolio Accounting,24,lowest,lowest,lowest,0.0767,0.9444,one_entity,none,not_applicable,False,none,Service Request,True,The ticket text for Portfolio Accounting is unclear and not aligned with the expected service request pattern. The message appears incomplete or misrouted and requires review to determine whether it should be rejected or redirected.
Incorrect incident title for service request in <SVC>,Securities Settlement,25,lowest,lowest,lowest,0.0738,0.9444,one_entity,none,not_applicable,False,none,Service Request,True,"The submitted title suggests an incident affecting Securities Settlement, but the actual request is a regular service inquiry. Please confirm the correct handling path and classify the request as a service request instead of an operational incident."
Access requested for <SVC>,Trading Platform,43,lowest,lowest,lowest,0.0695,1.0,individual,none,not_applicable,False,none,Service Request,True,A user needs access to Trading Platform to complete their daily tasks. This request is for standard role-based access and is aligned to the employee's business duties. Please validate the access profile and ensure the user receives the correct permissions in line with policy.
Incorrect incident title for service request in <SVC>,Rimes Data Feed,20,lowest,lowest,lowest,0.064,1.0,individual,none,not_applicable,False,none,Service Request,True,"The submitted title suggests an incident affecting Rimes Data Feed, but the actual request is a regular service inquiry. Please confirm the correct handling path and classify the request as a service request instead of an operational incident."
New license requested for <SVC>,Rimes Data Feed,36,lowest,lowest,lowest,0.0623,1.0,individual,none,not_applicable,False,none,Service Request,True,A new user requires a license for Rimes Data Feed to support an operational activity. The request includes the relevant user details and justification and needs validation before the entitlement is assigned.
Incorrect incident title for service request in <SVC>,CRM & Client Portal,17,lowest,lowest,lowest,0.0605,1.0,individual,none,not_applicable,False,none,Service Request,False,"The submitted title suggests an incident affecting CRM & Client Portal, but the actual request is a regular service inquiry. Please confirm the correct handling path and classify the request as a service request instead of an operational incident."
Access removal requested for <SVC>,CRM & Client Portal,20,lowest,lowest,lowest,0.0605,1.0,individual,none,not_applicable,False,none,Service Request,False,"The request is to remove access to CRM & Client Portal following a role change or contract end. Please confirm all permissions, inherited groups, and temporary rights are removed so no user remains active beyond the agreed period."
Access removal requested for <SVC>,Regulatory Reporting,21,lowest,lowest,lowest,0.0516,1.0,individual,none,not_applicable,False,none,Service Request,True,"The request is to remove access to Regulatory Reporting following a role change or contract end. Please confirm all permissions, inherited groups, and temporary rights are removed so no user remains active beyond the agreed period."
Access requested for <SVC>,Securities Settlement,47,lowest,lowest,lowest,0.0461,1.0,individual,none,not_applicable,False,none,Service Request,True,A user needs access to Securities Settlement to complete their daily tasks. This request is for standard role-based access and is aligned to the employee's business duties. Please validate the access profile and ensure the user receives the correct permissions in line with policy.
General request for <SVC> with unclear details,Order Management,23,lowest,lowest,lowest,0.0394,1.0,individual,none,not_applicable,False,none,Service Request,True,The ticket text for Order Management is unclear and not aligned with the expected service request pattern. The message appears incomplete or misrouted and requires review to determine whether it should be rejected or redirected.
Access requested for <SVC>,Cash Management,41,lowest,lowest,lowest,0.0379,1.0,individual,none,not_applicable,False,none,Service Request,True,A user needs access to Cash Management to complete their daily tasks. This request is for standard role-based access and is aligned to the employee's business duties. Please validate the access profile and ensure the user receives the correct permissions in line with policy.
General request for <SVC> with unclear details,Trading Platform,22,lowest,lowest,lowest,0.0379,1.0,individual,none,not_applicable,False,none,Service Request,True,The ticket text for Trading Platform is unclear and not aligned with the expected service request pattern. The message appears incomplete or misrouted and requires review to determine whether it should be rejected or redirected.
Incorrect incident title for service request in <SVC>,Portfolio Accounting,17,lowest,lowest,lowest,0.0379,1.0,individual,none,not_applicable,False,none,Service Request,True,"The submitted title suggests an incident affecting Portfolio Accounting, but the actual request is a regular service inquiry. Please confirm the correct handling path and classify the request as a service request instead of an operational incident."
Access requested for <SVC>,SimCorp Dimension,39,lowest,lowest,lowest,0.0379,1.0,individual,none,not_applicable,False,none,Service Request,True,A user needs access to SimCorp Dimension to complete their daily tasks. This request is for standard role-based access and is aligned to the employee's business duties. Please validate the access profile and ensure the user receives the correct permissions in line with policy.
New license requested for <SVC>,Trading Platform,49,lowest,lowest,lowest,0.0379,1.0,individual,none,not_applicable,False,none,Service Request,True,A new user requires a license for Trading Platform to support an operational activity. The request includes the relevant user details and justification and needs validation before the entitlement is assigned.
Incorrect incident title for service request in <SVC>,Regulatory Reporting,23,lowest,lowest,lowest,0.0379,1.0,individual,none,not_applicable,False,none,Service Request,True,"The submitted title suggests an incident affecting Regulatory Reporting, but the actual request is a regular service inquiry. Please confirm the correct handling path and classify the request as a service request instead of an operational incident."
General request for <SVC> with unclear details,Trade Matching,24,lowest,lowest,lowest,0.0379,1.0,one_entity,none,not_applicable,False,none,Service Request,True,The ticket text for Trade Matching is unclear and not aligned with the expected service request pattern. The message appears incomplete or misrouted and requires review to determine whether it should be rejected or redirected.
Access removal requested for <SVC>,Rimes Data Feed,21,lowest,lowest,lowest,0.0379,1.0,individual,none,not_applicable,False,none,Service Request,True,"The request is to remove access to Rimes Data Feed following a role change or contract end. Please confirm all permissions, inherited groups, and temporary rights are removed so no user remains active beyond the agreed period."
New license requested for <SVC>,Regulatory Reporting,44,lowest,lowest,lowest,0.0379,1.0,individual,none,not_applicable,False,none,Service Request,True,A new user requires a license for Regulatory Reporting to support an operational activity. The request includes the relevant user details and justification and needs validation before the entitlement is assigned.
New license requested for <SVC>,Cash Management,34,lowest,lowest,lowest,0.0379,1.0,individual,none,not_applicable,False,none,Service Request,True,A new user requires a license for Cash Management to support an operational activity. The request includes the relevant user details and justification and needs validation before the entitlement is assigned.
Access requested for <SVC>,Regulatory Reporting,46,lowest,lowest,lowest,0.0379,1.0,individual,none,not_applicable,False,none,Service Request,True,A user needs access to Regulatory Reporting to complete their daily tasks. This request is for standard role-based access and is aligned to the employee's business duties. Please validate the access profile and ensure the user receives the correct permissions in line with policy.
Incorrect incident title for service request in <SVC>,Corporate Actions,15,lowest,lowest,lowest,0.0379,1.0,individual,none,not_applicable,False,none,Service Request,True,"The submitted title suggests an incident affecting Corporate Actions, but the actual request is a regular service inquiry. Please confirm the correct handling path and classify the request as a service request instead of an operational incident."
Access removal requested for <SVC>,Risk & Compliance Monitoring,23,lowest,lowest,lowest,0.0379,1.0,individual,none,not_applicable,False,none,Service Request,True,"The request is to remove access to Risk & Compliance Monitoring following a role change or contract end. Please confirm all permissions, inherited groups, and temporary rights are removed so no user remains active beyond the agreed period."
General request for <SVC> with unclear details,Securities Settlement,23,lowest,lowest,lowest,0.0379,1.0,one_entity,none,not_applicable,False,none,Service Request,True,The ticket text for Securities Settlement is unclear and not aligned with the expected service request pattern. The message appears incomplete or misrouted and requires review to determine whether it should be rejected or redirected.
General request for <SVC> with unclear details,Cash Management,19,lowest,lowest,lowest,0.0379,0.9444,individual,none,not_applicable,False,none,Service Request,True,The ticket text for Cash Management is unclear and not aligned with the expected service request pattern. The message appears incomplete or misrouted and requires review to determine whether it should be rejected or redirected.
New license requested for <SVC>,Trade Matching,50,lowest,lowest,lowest,0.0379,1.0,individual,none,not_applicable,False,none,Service Request,True,A new user requires a license for Trade Matching to support an operational activity. The request includes the relevant user details and justification and needs validation before the entitlement is assigned.
New license requested for <SVC>,SimCorp Dimension,48,lowest,lowest,lowest,0.0379,1.0,individual,none,not_applicable,False,none,Service Request,True,A new user requires a license for SimCorp Dimension to support an operational activity. The request includes the relevant user details and justification and needs validation before the entitlement is assigned.
General request for <SVC> with unclear details,Regulatory Reporting,18,lowest,lowest,lowest,0.0379,1.0,one_entity,none,not_applicable,False,none,Service Request,True,The ticket text for Regulatory Reporting is unclear and not aligned with the expected service request pattern. The message appears incomplete or misrouted and requires review to determine whether it should be rejected or redirected.
Access removal requested for <SVC>,Cash Management,19,lowest,lowest,lowest,0.0379,1.0,individual,none,not_applicable,False,none,Service Request,True,"The request is to remove access to Cash Management following a role change or contract end. Please confirm all permissions, inherited groups, and temporary rights are removed so no user remains active beyond the agreed period."
Incorrect incident title for service request in <SVC>,Trading Platform,16,lowest,lowest,lowest,0.0379,1.0,individual,none,not_applicable,False,none,Service Request,True,"The submitted title suggests an incident affecting Trading Platform, but the actual request is a regular service inquiry. Please confirm the correct handling path and classify the request as a service request instead of an operational incident."
General request for <SVC> with unclear details,Fund Pricing,20,lowest,lowest,lowest,0.0379,1.0,individual,none,not_applicable,False,none,Service Request,True,The ticket text for Fund Pricing is unclear and not aligned with the expected service request pattern. The message appears incomplete or misrouted and requires review to determine whether it should be rejected or redirected.
Access removal requested for <SVC>,Client Reporting,18,lowest,lowest,lowest,0.0379,1.0,individual,none,not_applicable,False,none,Service Request,True,"The request is to remove access to Client Reporting following a role change or contract end. Please confirm all permissions, inherited groups, and temporary rights are removed so no user remains active beyond the agreed period."
Access removal requested for <SVC>,Securities Settlement,19,lowest,lowest,lowest,0.0379,1.0,individual,none,not_applicable,False,none,Service Request,True,"The request is to remove access to Securities Settlement following a role change or contract end. Please confirm all permissions, inherited groups, and temporary rights are removed so no user remains active beyond the agreed period."
Access requested for <SVC>,Corporate Actions,33,lowest,lowest,lowest,0.0379,1.0,individual,none,not_applicable,False,none,Service Request,True,A user needs access to Corporate Actions to complete their daily tasks. This request is for standard role-based access and is aligned to the employee's business duties. Please validate the access profile and ensure the user receives the correct permissions in line with policy.
Incorrect incident title for service request in <SVC>,Trade Matching,21,lowest,lowest,lowest,0.0379,1.0,individual,none,not_applicable,False,none,Service Request,True,"The submitted title suggests an incident affecting Trade Matching, but the actual request is a regular service inquiry. Please confirm the correct handling path and classify the request as a service request instead of an operational incident."
Incorrect incident title for service request in <SVC>,NAV Calculation,22,lowest,lowest,lowest,0.0379,1.0,individual,none,not_applicable,False,none,Service Request,True,"The submitted title suggests an incident affecting NAV Calculation, but the actual request is a regular service inquiry. Please confirm the correct handling path and classify the request as a service request instead of an operational incident."
Access removal requested for <SVC>,Trade Matching,23,lowest,lowest,lowest,0.0379,1.0,individual,none,not_applicable,False,none,Service Request,True,"The request is to remove access to Trade Matching following a role change or contract end. Please confirm all permissions, inherited groups, and temporary rights are removed so no user remains active beyond the agreed period."
Access requested for <SVC>,Risk & Compliance Monitoring,51,lowest,lowest,lowest,0.0379,1.0,individual,none,not_applicable,False,none,Service Request,True,A user needs access to Risk & Compliance Monitoring to complete their daily tasks. This request is for standard role-based access and is aligned to the employee's business duties. Please validate the access profile and ensure the user receives the correct permissions in line with policy.
Access removal requested for <SVC>,NAV Calculation,16,lowest,lowest,lowest,0.0379,1.0,individual,none,not_applicable,False,none,Service Request,True,"The request is to remove access to NAV Calculation following a role change or contract end. Please confirm all permissions, inherited groups, and temporary rights are removed so no user remains active beyond the agreed period."
Access requested for <SVC>,Trade Matching,50,lowest,lowest,lowest,0.0379,1.0,individual,none,not_applicable,False,none,Service Request,True,A user needs access to Trade Matching to complete their daily tasks. This request is for standard role-based access and is aligned to the employee's business duties. Please validate the access profile and ensure the user receives the correct permissions in line with policy.
New license requested for <SVC>,Securities Settlement,50,lowest,lowest,lowest,0.0379,1.0,individual,none,not_applicable,False,none,Service Request,True,A new user requires a license for Securities Settlement to support an operational activity. The request includes the relevant user details and justification and needs validation before the entitlement is assigned.
New license requested for <SVC>,Corporate Actions,58,lowest,lowest,lowest,0.0379,1.0,individual,none,not_applicable,False,none,Service Request,True,A new user requires a license for Corporate Actions to support an operational activity. The request includes the relevant user details and justification and needs validation before the entitlement is assigned.
New license requested for <SVC>,Risk & Compliance Monitoring,38,lowest,lowest,lowest,0.0379,1.0,individual,none,not_applicable,False,none,Service Request,True,A new user requires a license for Risk & Compliance Monitoring to support an operational activity. The request includes the relevant user details and justification and needs validation before the entitlement is assigned.
General request for <SVC> with unclear details,NAV Calculation,25,lowest,lowest,lowest,0.0379,1.0,individual,none,not_applicable,False,none,Service Request,True,The ticket text for NAV Calculation is unclear and not aligned with the expected service request pattern. The message appears incomplete or misrouted and requires review to determine whether it should be rejected or redirected.
New license requested for <SVC>,Portfolio Accounting,41,lowest,lowest,lowest,0.0379,1.0,individual,none,not_applicable,False,none,Service Request,True,A new user requires a license for Portfolio Accounting to support an operational activity. The request includes the relevant user details and justification and needs validation before the entitlement is assigned.
Access requested for <SVC>,Order Management,31,lowest,lowest,lowest,0.0379,1.0,individual,none,not_applicable,False,none,Service Request,True,A user needs access to Order Management to complete their daily tasks. This request is for standard role-based access and is aligned to the employee's business duties. Please validate the access profile and ensure the user receives the correct permissions in line with policy.
New license requested for <SVC>,Fund Pricing,34,lowest,lowest,lowest,0.0379,1.0,individual,none,not_applicable,False,none,Service Request,True,A new user requires a license for Fund Pricing to support an operational activity. The request includes the relevant user details and justification and needs validation before the entitlement is assigned.
New license requested for <SVC>,NAV Calculation,42,lowest,lowest,lowest,0.0379,1.0,individual,none,not_applicable,False,none,Service Request,True,A new user requires a license for NAV Calculation to support an operational activity. The request includes the relevant user details and justification and needs validation before the entitlement is assigned.
General request for <SVC> with unclear details,SimCorp Dimension,25,lowest,lowest,lowest,0.0379,1.0,individual,none,not_applicable,False,none,Service Request,True,The ticket text for SimCorp Dimension is unclear and not aligned with the expected service request pattern. The message appears incomplete or misrouted and requires review to determine whether it should be rejected or redirected.
Access removal requested for <SVC>,Fund Pricing,25,lowest,lowest,lowest,0.0379,1.0,individual,none,not_applicable,False,none,Service Request,True,"The request is to remove access to Fund Pricing following a role change or contract end. Please confirm all permissions, inherited groups, and temporary rights are removed so no user remains active beyond the agreed period."
Access requested for <SVC>,NAV Calculation,36,lowest,lowest,lowest,0.0379,1.0,individual,none,not_applicable,False,none,Service Request,True,A user needs access to NAV Calculation to complete their daily tasks. This request is for standard role-based access and is aligned to the employee's business duties. Please validate the access profile and ensure the user receives the correct permissions in line with policy.
General request for <SVC> with unclear details,Risk & Compliance Monitoring,20,lowest,lowest,lowest,0.0379,1.0,one_entity,none,not_applicable,False,none,Service Request,True,The ticket text for Risk & Compliance Monitoring is unclear and not aligned with the expected service request pattern. The message appears incomplete or misrouted and requires review to determine whether it should be rejected or redirected.
Incorrect incident title for service request in <SVC>,Order Management,25,lowest,lowest,lowest,0.0379,1.0,individual,none,not_applicable,False,none,Service Request,True,"The submitted title suggests an incident affecting Order Management, but the actual request is a regular service inquiry. Please confirm the correct handling path and classify the request as a service request instead of an operational incident."
New license requested for <SVC>,Client Reporting,44,lowest,lowest,lowest,0.0379,1.0,individual,none,not_applicable,False,none,Service Request,True,A new user requires a license for Client Reporting to support an operational activity. The request includes the relevant user details and justification and needs validation before the entitlement is assigned.
Incorrect incident title for service request in <SVC>,Fund Pricing,23,lowest,lowest,lowest,0.0379,1.0,individual,none,not_applicable,False,none,Service Request,True,"The submitted title suggests an incident affecting Fund Pricing, but the actual request is a regular service inquiry. Please confirm the correct handling path and classify the request as a service request instead of an operational incident."
Incorrect incident title for service request in <SVC>,SimCorp Dimension,22,lowest,lowest,lowest,0.0379,1.0,individual,none,not_applicable,False,none,Service Request,True,"The submitted title suggests an incident affecting SimCorp Dimension, but the actual request is a regular service inquiry. Please confirm the correct handling path and classify the request as a service request instead of an operational incident."
General request for <SVC> with unclear details,Corporate Actions,23,lowest,lowest,lowest,0.0379,1.0,individual,none,not_applicable,False,none,Service Request,True,The ticket text for Corporate Actions is unclear and not aligned with the expected service request pattern. The message appears incomplete or misrouted and requires review to determine whether it should be rejected or redirected.
Access requested for <SVC>,Rimes Data Feed,38,lowest,lowest,lowest,0.0379,1.0,individual,none,not_applicable,False,none,Service Request,True,A user needs access to Rimes Data Feed to complete their daily tasks. This request is for standard role-based access and is aligned to the employee's business duties. Please validate the access profile and ensure the user receives the correct permissions in line with policy.
Access removal requested for <SVC>,Trading Platform,20,lowest,lowest,lowest,0.0379,1.0,individual,none,not_applicable,False,none,Service Request,True,"The request is to remove access to Trading Platform following a role change or contract end. Please confirm all permissions, inherited groups, and temporary rights are removed so no user remains active beyond the agreed period."
Access removal requested for <SVC>,Corporate Actions,23,lowest,lowest,lowest,0.0379,1.0,individual,none,not_applicable,False,none,Service Request,True,"The request is to remove access to Corporate Actions following a role change or contract end. Please confirm all permissions, inherited groups, and temporary rights are removed so no user remains active beyond the agreed period."
Incorrect incident title for service request in <SVC>,Cash Management,17,lowest,lowest,lowest,0.0379,1.0,individual,none,not_applicable,False,none,Service Request,True,"The submitted title suggests an incident affecting Cash Management, but the actual request is a regular service inquiry. Please confirm the correct handling path and classify the request as a service request instead of an operational incident."
Access requested for <SVC>,CRM & Client Portal,47,lowest,lowest,lowest,0.0289,1.0,individual,none,not_applicable,False,none,Service Request,False,A user needs access to CRM & Client Portal to complete their daily tasks. This request is for standard role-based access and is aligned to the employee's business duties. Please validate the access profile and ensure the user receives the correct permissions in line with policy.
Access requested for <SVC>,Identity & Access Management,43,lowest,lowest,lowest,0.004,1.0,individual,none,not_applicable,False,none,Service Request,False,A user needs access to Identity & Access Management to complete their daily tasks. This request is for standard role-based access and is aligned to the employee's business duties. Please validate the access profile and ensure the user receives the correct permissions in line with policy.
New license requested for <SVC>,Tax Reporting,40,lowest,lowest,lowest,0.004,1.0,individual,none,not_applicable,False,none,Service Request,False,A new user requires a license for Tax Reporting to support an operational activity. The request includes the relevant user details and justification and needs validation before the entitlement is assigned.
New license requested for <SVC>,Outlook & Email,48,lowest,lowest,lowest,0.004,1.0,individual,none,not_applicable,False,none,Service Request,False,A new user requires a license for Outlook & Email to support an operational activity. The request includes the relevant user details and justification and needs validation before the entitlement is assigned.
Access removal requested for <SVC>,Tax Reporting,24,lowest,lowest,lowest,0.004,1.0,individual,none,not_applicable,False,none,Service Request,False,"The request is to remove access to Tax Reporting following a role change or contract end. Please confirm all permissions, inherited groups, and temporary rights are removed so no user remains active beyond the agreed period."
General request for <SVC> with unclear details,Outlook & Email,18,lowest,lowest,lowest,0.004,1.0,individual,none,not_applicable,False,none,Service Request,False,The ticket text for Outlook & Email is unclear and not aligned with the expected service request pattern. The message appears incomplete or misrouted and requires review to determine whether it should be rejected or redirected.
Access removal requested for <SVC>,Identity & Access Management,26,lowest,lowest,lowest,0.004,1.0,individual,none,not_applicable,False,none,Service Request,False,"The request is to remove access to Identity & Access Management following a role change or contract end. Please confirm all permissions, inherited groups, and temporary rights are removed so no user remains active beyond the agreed period."
General request for <SVC> with unclear details,Tax Reporting,20,lowest,lowest,lowest,0.004,1.0,individual,none,not_applicable,False,none,Service Request,False,The ticket text for Tax Reporting is unclear and not aligned with the expected service request pattern. The message appears incomplete or misrouted and requires review to determine whether it should be rejected or redirected.
General request for <SVC> with unclear details,Identity & Access Management,16,lowest,lowest,lowest,0.004,1.0,individual,none,not_applicable,False,none,Service Request,False,The ticket text for Identity & Access Management is unclear and not aligned with the expected service request pattern. The message appears incomplete or misrouted and requires review to determine whether it should be rejected or redirected.
Access requested for <SVC>,SharePoint & File Storage,43,lowest,lowest,lowest,0.004,1.0,individual,none,not_applicable,False,none,Service Request,False,A user needs access to SharePoint & File Storage to complete their daily tasks. This request is for standard role-based access and is aligned to the employee's business duties. Please validate the access profile and ensure the user receives the correct permissions in line with policy.
New license requested for <SVC>,Identity & Access Management,33,lowest,lowest,lowest,0.004,1.0,individual,none,not_applicable,False,none,Service Request,False,A new user requires a license for Identity & Access Management to support an operational activity. The request includes the relevant user details and justification and needs validation before the entitlement is assigned.
General request for <SVC> with unclear details,CRM & Client Portal,22,lowest,lowest,lowest,0.004,1.0,individual,none,not_applicable,False,none,Service Request,False,The ticket text for CRM & Client Portal is unclear and not aligned with the expected service request pattern. The message appears incomplete or misrouted and requires review to determine whether it should be rejected or redirected.
Incorrect incident title for service request in <SVC>,Outlook & Email,23,lowest,lowest,lowest,0.004,1.0,individual,none,not_applicable,False,none,Service Request,False,"The submitted title suggests an incident affecting Outlook & Email, but the actual request is a regular service inquiry. Please confirm the correct handling path and classify the request as a service request instead of an operational incident."
Incorrect incident title for service request in <SVC>,Tax Reporting,27,lowest,lowest,lowest,0.004,1.0,individual,none,not_applicable,False,none,Service Request,False,"The submitted title suggests an incident affecting Tax Reporting, but the actual request is a regular service inquiry. Please confirm the correct handling path and classify the request as a service request instead of an operational incident."
Incorrect incident title for service request in <SVC>,SharePoint & File Storage,20,lowest,lowest,lowest,0.004,1.0,individual,none,not_applicable,False,none,Service Request,False,"The submitted title suggests an incident affecting SharePoint & File Storage, but the actual request is a regular service inquiry. Please confirm the correct handling path and classify the request as a service request instead of an operational incident."
Access removal requested for <SVC>,Outlook & Email,21,lowest,lowest,lowest,0.004,1.0,individual,none,not_applicable,False,none,Service Request,False,"The request is to remove access to Outlook & Email following a role change or contract end. Please confirm all permissions, inherited groups, and temporary rights are removed so no user remains active beyond the agreed period."
General request for <SVC> with unclear details,SharePoint & File Storage,29,lowest,lowest,lowest,0.004,1.0,individual,none,not_applicable,False,none,Service Request,False,The ticket text for SharePoint & File Storage is unclear and not aligned with the expected service request pattern. The message appears incomplete or misrouted and requires review to determine whether it should be rejected or redirected.
Access requested for <SVC>,Outlook & Email,44,lowest,lowest,lowest,0.004,1.0,individual,none,not_applicable,False,none,Service Request,False,A user needs access to Outlook & Email to complete their daily tasks. This request is for standard role-based access and is aligned to the employee's business duties. Please validate the access profile and ensure the user receives the correct permissions in line with policy.
New license requested for <SVC>,CRM & Client Portal,49,lowest,lowest,lowest,0.004,1.0,individual,none,not_applicable,False,none,Service Request,False,A new user requires a license for CRM & Client Portal to support an operational activity. The request includes the relevant user details and justification and needs validation before the entitlement is assigned.
Access removal requested for <SVC>,SharePoint & File Storage,22,lowest,lowest,lowest,0.004,1.0,individual,none,not_applicable,False,none,Service Request,False,"The request is to remove access to SharePoint & File Storage following a role change or contract end. Please confirm all permissions, inherited groups, and temporary rights are removed so no user remains active beyond the agreed period."
Incorrect incident title for service request in <SVC>,Identity & Access Management,17,lowest,lowest,lowest,0.004,1.0,individual,none,not_applicable,False,none,Service Request,False,"The submitted title suggests an incident affecting Identity & Access Management, but the actual request is a regular service inquiry. Please confirm the correct handling path and classify the request as a service request instead of an operational incident."
New license requested for <SVC>,SharePoint & File Storage,38,lowest,lowest,lowest,0.004,1.0,individual,none,not_applicable,False,none,Service Request,False,A new user requires a license for SharePoint & File Storage to support an operational activity. The request includes the relevant user details and justification and needs validation before the entitlement is assigned.
Access requested for <SVC>,Tax Reporting,21,lowest,lowest,lowest,0.004,1.0,individual,none,not_applicable,False,none,Service Request,False,A user needs access to Tax Reporting to complete their daily tasks. This request is for standard role-based access and is aligned to the employee's business duties. Please validate the access profile and ensure the user receives the correct permissions in line with policy.
